vacc_date,received_at_least_one_dose,full_regimen,minimum_protection,received_one_dose_pcttakeup,full_regimen_pcttakeup,minimum_protection_pcttakeup
2020-12-30,759.0,19.0,9.0,0.01,0.0,0.0
2020-12-31,813.0,20.0,9.0,0.01,0.0,0.0
2021-01-01,868.0,20.0,9.0,0.01,0.0,0.0
2021-01-02,914.0,20.0,9.0,0.02,0.0,0.0
2021-01-03,961.0,20.0,9.0,0.02,0.0,0.0
2021-01-04,1080.0,21.0,9.0,0.02,0.0,0.0
2021-01-05,1196.0,25.0,9.0,0.02,0.0,0.0
2021-01-06,1331.0,28.0,9.0,0.02,0.0,0.0
2021-01-07,1477.0,30.0,9.0,0.02,0.0,0.0
2021-01-08,2344.0,41.0,9.0,0.04,0.0,0.0
2021-01-09,2811.0,48.0,9.0,0.05,0.0,0.0
2021-01-10,3050.0,58.0,9.0,0.05,0.0,0.0
2021-01-11,5184.0,58.0,9.0,0.09,0.0,0.0
2021-01-12,8069.0,72.0,9.0,0.14,0.0,0.0
2021-01-13,12141.0,91.0,9.0,0.2,0.0,0.0
2021-01-14,16888.0,107.0,9.0,0.28,0.0,0.0
2021-01-15,22187.0,121.0,9.0,0.37,0.0,0.0
2021-01-16,23967.0,135.0,9.0,0.4,0.0,0.0
2021-01-17,24689.0,147.0,9.0,0.41,0.0,0.0
2021-01-18,32086.0,181.0,9.0,0.54,0.0,0.0
2021-01-19,40146.0,233.0,9.0,0.67,0.0,0.0
2021-01-20,49143.0,345.0,9.0,0.83,0.01,0.0
2021-01-21,56679.0,418.0,9.0,0.95,0.01,0.0
2021-01-22,64279.0,455.0,9.0,1.08,0.01,0.0
2021-01-23,68963.0,484.0,9.0,1.16,0.01,0.0
2021-01-24,73387.0,562.0,9.0,1.23,0.01,0.0
2021-01-25,85088.0,631.0,9.0,1.43,0.01,0.0
2021-01-26,97409.0,724.0,9.0,1.64,0.01,0.0
2021-01-27,110942.0,781.0,9.0,1.86,0.01,0.0
2021-01-28,125166.0,850.0,9.0,2.1,0.01,0.0
2021-01-29,138793.0,1564.0,9.0,2.33,0.03,0.0
2021-01-30,145848.0,1961.0,9.0,2.45,0.03,0.0
2021-01-31,151356.0,2178.0,9.0,2.54,0.04,0.0
2021-02-01,160353.0,4243.0,9.0,2.69,0.07,0.0
2021-02-02,169839.0,6701.0,9.0,2.85,0.11,0.0
2021-02-03,180997.0,10330.0,9.0,3.04,0.17,0.0
2021-02-04,189578.0,14649.0,9.0,3.18,0.25,0.0
2021-02-05,198799.0,19815.0,9.0,3.34,0.33,0.0
2021-02-06,203111.0,21436.0,9.0,3.41,0.36,0.0
2021-02-07,205415.0,22139.0,9.0,3.45,0.37,0.0
2021-02-08,209409.0,29450.0,9.0,3.52,0.49,0.0
2021-02-09,213048.0,37452.0,9.0,3.58,0.63,0.0
2021-02-10,216091.0,46265.0,9.0,3.63,0.78,0.0
2021-02-11,217532.0,49138.0,9.0,3.65,0.83,0.0
2021-02-12,217652.0,49168.0,9.0,3.66,0.83,0.0
2021-02-13,217770.0,49192.0,9.0,3.66,0.83,0.0
2021-02-14,218348.0,53010.0,9.0,3.67,0.89,0.0
2021-02-15,219580.0,63582.0,9.0,3.69,1.07,0.0
2021-02-16,221863.0,77128.0,9.0,3.73,1.3,0.0
2021-02-17,225280.0,92360.0,9.0,3.78,1.55,0.0
2021-02-18,229561.0,106403.0,9.0,3.86,1.79,0.0
2021-02-19,235245.0,120374.0,9.0,3.95,2.02,0.0
2021-02-20,239110.0,127821.0,9.0,4.02,2.15,0.0
2021-02-21,241178.0,133652.0,9.0,4.05,2.25,0.0
2021-02-22,247397.0,145042.0,9.0,4.16,2.44,0.0
2021-02-23,255389.0,156568.0,9.0,4.29,2.63,0.0
2021-02-24,263022.0,168021.0,9.0,4.42,2.82,0.0
2021-02-25,271607.0,177823.0,9.0,4.56,2.99,0.0
2021-02-26,281517.0,188344.0,9.0,4.73,3.16,0.0
2021-02-27,289850.0,193728.0,9.0,4.87,3.25,0.0
2021-02-28,296002.0,196260.0,9.0,4.97,3.3,0.0
2021-03-01,305686.0,199586.0,9.0,5.14,3.35,0.0
2021-03-02,315669.0,202959.0,9.0,5.3,3.41,0.0
2021-03-03,326879.0,205714.0,9.0,5.49,3.46,0.0
2021-03-04,339251.0,207524.0,9.0,5.7,3.49,0.0
2021-03-05,352916.0,208502.0,9.0,5.93,3.5,0.0
2021-03-06,361775.0,209183.0,9.0,6.08,3.51,0.0
2021-03-07,366554.0,209627.0,9.0,6.16,3.52,0.0
2021-03-08,380255.0,211113.0,9.0,6.39,3.55,0.0
2021-03-09,396997.0,212991.0,9.0,6.67,3.58,0.0
2021-03-10,415797.0,215741.0,9.0,6.98,3.62,0.0
2021-03-11,437802.0,219084.0,9.0,7.35,3.68,0.0
2021-03-12,462500.0,223907.0,9.0,7.77,3.76,0.0
2021-03-13,485878.0,227323.0,9.0,8.16,3.82,0.0
2021-03-14,505744.0,229088.0,9.0,8.5,3.85,0.0
2021-03-15,533150.0,234879.0,9.0,8.96,3.95,0.0
2021-03-16,562023.0,241814.0,9.0,9.44,4.06,0.0
2021-03-17,594853.0,249233.0,9.0,9.99,4.19,0.0
2021-03-18,627563.0,256769.0,10.0,10.54,4.31,0.0
2021-03-19,663656.0,266122.0,10.0,11.15,4.47,0.0
2021-03-20,693507.0,274289.0,10.0,11.65,4.61,0.0
2021-03-21,720525.0,279849.0,10.0,12.1,4.7,0.0
2021-03-22,750942.0,289594.0,10.0,12.61,4.86,0.0
2021-03-23,778956.0,299114.0,10.0,13.09,5.02,0.0
2021-03-24,802563.0,309499.0,10.0,13.48,5.2,0.0
2021-03-25,823795.0,321358.0,10.0,13.84,5.4,0.0
2021-03-26,846857.0,335198.0,10.0,14.23,5.63,0.0
2021-03-27,869968.0,343605.0,10.0,14.61,5.77,0.0
2021-03-28,886572.0,348376.0,10.0,14.89,5.85,0.0
2021-03-29,920743.0,361047.0,10.0,15.47,6.07,0.0
2021-03-30,947814.0,376419.0,10.0,15.92,6.32,0.0
2021-03-31,970839.0,394527.0,10.0,16.31,6.63,0.0
2021-04-01,993760.0,413448.0,10.0,16.69,6.95,0.0
2021-04-02,1012471.0,429476.0,10.0,17.01,7.21,0.0
2021-04-03,1031874.0,450916.0,10.0,17.33,7.57,0.0
2021-04-04,1048175.0,467160.0,10.0,17.61,7.85,0.0
2021-04-05,1075777.0,491946.0,10.0,18.07,8.26,0.0
2021-04-06,1102472.0,516702.0,10.0,18.52,8.68,0.0
2021-04-07,1127303.0,544186.0,10.0,18.94,9.14,0.0
2021-04-08,1150380.0,572907.0,10.0,19.32,9.62,0.0
2021-04-09,1171154.0,608343.0,10.0,19.67,10.22,0.0
2021-04-10,1188986.0,639965.0,10.0,19.97,10.75,0.0
2021-04-11,1208357.0,665213.0,10.0,20.3,11.17,0.0
2021-04-12,1225448.0,693687.0,10.0,20.59,11.65,0.0
2021-04-13,1243887.0,717241.0,10.0,20.9,12.05,0.0
2021-04-14,1263542.0,737688.0,10.0,21.23,12.39,0.0
2021-04-15,1282044.0,758202.0,10.0,21.54,12.74,0.0
2021-04-16,1302074.0,781802.0,10.0,21.87,13.13,0.0
2021-04-17,1318254.0,803789.0,10.0,22.14,13.5,0.0
2021-04-18,1332687.0,819238.0,10.0,22.39,13.76,0.0
2021-04-19,1349617.0,849502.0,10.0,22.67,14.27,0.0
2021-04-20,1371297.0,873520.0,10.0,23.04,14.67,0.0
2021-04-21,1396317.0,893781.0,10.0,23.46,15.01,0.0
2021-04-22,1421233.0,913206.0,10.0,23.87,15.34,0.0
2021-04-23,1445669.0,934745.0,11.0,24.28,15.7,0.0
2021-04-24,1464299.0,959065.0,11.0,24.6,16.11,0.0
2021-04-25,1484032.0,977352.0,11.0,24.93,16.42,0.0
2021-04-26,1503179.0,1003381.0,11.0,25.25,16.86,0.0
2021-04-27,1524577.0,1028093.0,12.0,25.61,17.27,0.0
2021-04-28,1546879.0,1049659.0,12.0,25.99,17.63,0.0
2021-04-29,1572784.0,1069071.0,12.0,26.42,17.96,0.0
2021-04-30,1596855.0,1091855.0,12.0,26.82,18.34,0.0
2021-05-01,1620353.0,1105281.0,12.0,27.22,18.57,0.0
2021-05-02,1640325.0,1121714.0,12.0,27.55,18.84,0.0
2021-05-03,1661695.0,1133665.0,12.0,27.91,19.04,0.0
2021-05-04,1683656.0,1145736.0,12.0,28.28,19.25,0.0
2021-05-05,1704619.0,1160252.0,12.0,28.63,19.49,0.0
2021-05-06,1729178.0,1173501.0,12.0,29.05,19.71,0.0
2021-05-07,1752049.0,1190307.0,12.0,29.43,20.0,0.0
2021-05-08,1770983.0,1206125.0,12.0,29.75,20.26,0.0
2021-05-09,1788879.0,1219564.0,12.0,30.05,20.49,0.0
2021-05-10,1818197.0,1236935.0,12.0,30.54,20.78,0.0
2021-05-11,1845063.0,1257614.0,13.0,30.99,21.13,0.0
2021-05-12,1856393.0,1276893.0,13.0,31.18,21.45,0.0
2021-05-13,1857767.0,1277289.0,14.0,31.21,21.46,0.0
2021-05-14,1874822.0,1316424.0,14.0,31.49,22.11,0.0
2021-05-15,1897126.0,1342118.0,16.0,31.87,22.55,0.0
2021-05-16,1917267.0,1365106.0,16.0,32.21,22.93,0.0
2021-05-17,1934371.0,1387911.0,16.0,32.49,23.31,0.0
2021-05-18,1953180.0,1409517.0,16.0,32.81,23.68,0.0
2021-05-19,1972095.0,1431125.0,16.0,33.13,24.04,0.0
2021-05-20,1996179.0,1453837.0,16.0,33.53,24.42,0.0
2021-05-21,2017834.0,1481345.0,18.0,33.9,24.88,0.0
2021-05-22,2034991.0,1512053.0,18.0,34.18,25.4,0.0
2021-05-23,2052691.0,1536952.0,18.0,34.48,25.82,0.0
2021-05-24,2079891.0,1557244.0,19.0,34.94,26.16,0.0
2021-05-25,2110200.0,1578085.0,19.0,35.45,26.51,0.0
2021-05-26,2137371.0,1591990.0,19.0,35.9,26.74,0.0
2021-05-27,2161574.0,1614032.0,19.0,36.31,27.11,0.0
2021-05-28,2187922.0,1637227.0,20.0,36.75,27.5,0.0
2021-05-29,2212930.0,1657759.0,20.0,37.17,27.85,0.0
2021-05-30,2233422.0,1675395.0,21.0,37.52,28.14,0.0
2021-05-31,2252142.0,1704211.0,21.0,37.83,28.63,0.0
2021-06-01,2277944.0,1724578.0,21.0,38.27,28.97,0.0
2021-06-02,2310480.0,1735399.0,21.0,38.81,29.15,0.0
2021-06-03,2356255.0,1744157.0,23.0,39.58,29.3,0.0
2021-06-04,2395285.0,1763345.0,23.0,40.24,29.62,0.0
2021-06-05,2424471.0,1786770.0,24.0,40.73,30.01,0.0
2021-06-06,2449977.0,1806994.0,25.0,41.16,30.35,0.0
2021-06-07,2476452.0,1821865.0,25.0,41.6,30.6,0.0
2021-06-08,2498158.0,1837671.0,25.0,41.96,30.87,0.0
2021-06-09,2525582.0,1852572.0,26.0,42.43,31.12,0.0
2021-06-10,2557080.0,1864152.0,26.0,42.95,31.31,0.0
2021-06-11,2588242.0,1882504.0,29.0,43.48,31.62,0.0
2021-06-12,2616468.0,1898089.0,29.0,43.95,31.88,0.0
2021-06-13,2643589.0,1910292.0,32.0,44.41,32.09,0.0
2021-06-14,2677280.0,1925178.0,32.0,44.97,32.34,0.0
2021-06-15,2714519.0,1940245.0,35.0,45.6,32.59,0.0
2021-06-16,2758051.0,1954565.0,40.0,46.33,32.83,0.0
2021-06-17,2799906.0,1968259.0,43.0,47.03,33.06,0.0
2021-06-18,2840019.0,1985413.0,46.0,47.71,33.35,0.0
2021-06-19,2879660.0,2001819.0,49.0,48.37,33.63,0.0
2021-06-20,2913245.0,2013567.0,51.0,48.94,33.82,0.0
2021-06-21,2957108.0,2025130.0,54.0,49.67,34.02,0.0
2021-06-22,2997794.0,2036644.0,58.0,50.36,34.21,0.0
2021-06-23,3038867.0,2047438.0,58.0,51.05,34.39,0.0
2021-06-24,3079596.0,2057689.0,62.0,51.73,34.57,0.0
2021-06-25,3119623.0,2068735.0,65.0,52.4,34.75,0.0
2021-06-26,3175824.0,2078225.0,66.0,53.35,34.91,0.0
2021-06-27,3225225.0,2085066.0,69.0,54.18,35.03,0.0
2021-06-28,3276008.0,2094753.0,72.0,55.03,35.19,0.0
2021-06-29,3315265.0,2103690.0,75.0,55.69,35.34,0.0
2021-06-30,3371458.0,2114046.0,81.0,56.64,35.51,0.0
2021-07-01,3432561.0,2131676.0,85.0,57.66,35.81,0.0
2021-07-02,3494820.0,2150914.0,86.0,58.71,36.13,0.0
2021-07-03,3554871.0,2168311.0,92.0,59.72,36.42,0.0
2021-07-04,3608283.0,2185551.0,95.0,60.61,36.71,0.0
2021-07-05,3666671.0,2201739.0,99.0,61.59,36.99,0.0
2021-07-06,3722096.0,2217278.0,103.0,62.53,37.25,0.0
2021-07-07,3777262.0,2234432.0,105.0,63.45,37.53,0.0
2021-07-08,3830755.0,2252852.0,106.0,64.35,37.84,0.0
2021-07-09,3881507.0,2278881.0,111.0,65.2,38.28,0.0
2021-07-10,3926479.0,2304593.0,111.0,65.96,38.71,0.0
2021-07-11,3962899.0,2332184.0,115.0,66.57,39.18,0.0
2021-07-12,4005120.0,2362840.0,115.0,67.28,39.69,0.0
2021-07-13,4036752.0,2395026.0,118.0,67.81,40.23,0.0
2021-07-14,4062377.0,2433538.0,124.0,68.24,40.88,0.0
2021-07-15,4085996.0,2476999.0,128.0,68.64,41.61,0.0
2021-07-16,4110348.0,2534586.0,130.0,69.05,42.58,0.0
2021-07-17,4130743.0,2590950.0,133.0,69.39,43.52,0.0
2021-07-18,4147968.0,2640497.0,135.0,69.68,44.36,0.0
2021-07-19,4162784.0,2670914.0,137.0,69.93,44.87,0.0
2021-07-20,4165660.0,2671856.0,142.0,69.98,44.88,0.0
2021-07-21,4186224.0,2724446.0,144.0,70.32,45.77,0.0
2021-07-22,4205185.0,2774507.0,148.0,70.64,46.61,0.0
2021-07-23,4223151.0,2836574.0,149.0,70.94,47.65,0.0
2021-07-24,4237974.0,2892277.0,155.0,71.19,48.59,0.0
2021-07-25,4251440.0,2939488.0,158.0,71.42,49.38,0.0
2021-07-26,4266854.0,2988919.0,158.0,71.68,50.21,0.0
2021-07-27,4282639.0,3024534.0,163.0,71.94,50.81,0.0
2021-07-28,4297353.0,3070299.0,165.0,72.19,51.58,0.0
2021-07-29,4312255.0,3118915.0,168.0,72.44,52.39,0.0
2021-07-30,4324721.0,3181023.0,169.0,72.65,53.44,0.0
2021-07-31,4335878.0,3240139.0,174.0,72.84,54.43,0.0
2021-08-01,4344243.0,3291685.0,176.0,72.98,55.29,0.0
2021-08-02,4355803.0,3345019.0,182.0,73.17,56.19,0.0
2021-08-03,4367582.0,3394551.0,185.0,73.37,57.02,0.0
2021-08-04,4378550.0,3446020.0,191.0,73.55,57.89,0.0
2021-08-05,4389108.0,3500419.0,198.0,73.73,58.8,0.0
2021-08-06,4399645.0,3563355.0,207.0,73.91,59.86,0.0
2021-08-07,4411304.0,3622208.0,218.0,74.1,60.85,0.0
2021-08-08,4421648.0,3671346.0,229.0,74.28,61.67,0.0
2021-08-09,4431946.0,3703719.0,239.0,74.45,62.22,0.0
2021-08-10,4445107.0,3739541.0,250.0,74.67,62.82,0.0
2021-08-11,4457373.0,3774982.0,261.0,74.88,63.41,0.0
2021-08-12,4468781.0,3809160.0,270.0,75.07,63.99,0.0
2021-08-13,4481657.0,3853140.0,276.0,75.28,64.73,0.0
2021-08-14,4494361.0,3895739.0,293.0,75.5,65.44,0.0
2021-08-15,4502716.0,3924469.0,304.0,75.64,65.92,0.01
2021-08-16,4513167.0,3943507.0,309.0,75.81,66.24,0.01
2021-08-17,4522344.0,3958654.0,316.0,75.97,66.5,0.01
2021-08-18,4531118.0,3974384.0,333.0,76.12,66.76,0.01
2021-08-19,4539204.0,3988786.0,343.0,76.25,67.01,0.01
2021-08-20,4548972.0,4007489.0,361.0,76.42,67.32,0.01
2021-08-21,4557912.0,4022896.0,385.0,76.57,67.58,0.01
2021-08-22,4563431.0,4031396.0,405.0,76.66,67.72,0.01
2021-08-23,4570421.0,4044332.0,437.0,76.78,67.94,0.01
2021-08-24,4577018.0,4055542.0,460.0,76.89,68.13,0.01
2021-08-25,4583914.0,4066975.0,482.0,77.0,68.32,0.01
2021-08-26,4590296.0,4077770.0,503.0,77.11,68.5,0.01
2021-08-27,4598120.0,4092645.0,525.0,77.24,68.75,0.01
2021-08-28,4604872.0,4106135.0,552.0,77.35,68.98,0.01
2021-08-29,4608989.0,4114493.0,573.0,77.42,69.12,0.01
2021-08-30,4615224.0,4124014.0,599.0,77.53,69.28,0.01
2021-08-31,4621534.0,4135104.0,631.0,77.63,69.46,0.01
2021-09-01,4627850.0,4144788.0,655.0,77.74,69.63,0.01
2021-09-02,4633840.0,4153983.0,685.0,77.84,69.78,0.01
2021-09-03,4640517.0,4167480.0,707.0,77.95,70.01,0.01
2021-09-04,4646223.0,4181381.0,728.0,78.05,70.24,0.01
2021-09-05,4650207.0,4190588.0,743.0,78.12,70.4,0.01
2021-09-06,4655867.0,4198603.0,772.0,78.21,70.53,0.01
2021-09-07,4661257.0,4205961.0,797.0,78.3,70.65,0.01
2021-09-08,4666625.0,4212848.0,830.0,78.39,70.77,0.01
2021-09-09,4671451.0,4219715.0,862.0,78.47,70.88,0.01
2021-09-10,4675948.0,4230819.0,887.0,78.55,71.07,0.01
2021-09-11,4680035.0,4241268.0,912.0,78.62,71.25,0.02
2021-09-12,4684308.0,4249307.0,1026.0,78.69,71.38,0.02
2021-09-13,4688282.0,4255818.0,1060.0,78.76,71.49,0.02
2021-09-14,4692342.0,4261945.0,1263.0,78.82,71.59,0.02
2021-09-15,4696901.0,4268020.0,5965.0,78.9,71.7,0.1
2021-09-16,4701279.0,4273696.0,9085.0,78.97,71.79,0.15
2021-09-17,4706504.0,4282380.0,17266.0,79.06,71.94,0.29
2021-09-18,4710574.0,4289817.0,30181.0,79.13,72.06,0.51
2021-09-19,4713864.0,4295593.0,38214.0,79.19,72.16,0.64
2021-09-20,4718031.0,4301304.0,49975.0,79.26,72.25,0.84
2021-09-21,4722156.0,4306470.0,58121.0,79.32,72.34,0.98
2021-09-22,4726045.0,4312191.0,73237.0,79.39,72.44,1.23
2021-09-23,4730564.0,4317145.0,89992.0,79.47,72.52,1.51
2021-09-24,4735166.0,4324337.0,113225.0,79.54,72.64,1.9
2021-09-25,4738822.0,4330811.0,134800.0,79.6,72.75,2.26
2021-09-26,4742707.0,4337669.0,150032.0,79.67,72.87,2.52
2021-09-27,4746626.0,4342527.0,171992.0,79.74,72.95,2.89
2021-09-28,4751158.0,4347604.0,195945.0,79.81,73.03,3.29
2021-09-29,4755153.0,4352486.0,215921.0,79.88,73.11,3.63
2021-09-30,4758920.0,4357444.0,236865.0,79.94,73.2,3.98
2021-10-01,4762290.0,4362170.0,257930.0,80.0,73.28,4.33
2021-10-02,4764872.0,4366104.0,279448.0,80.04,73.34,4.69
2021-10-03,4767404.0,4370412.0,298154.0,80.08,73.42,5.01
2021-10-04,4770496.0,4373689.0,319910.0,80.14,73.47,5.37
2021-10-05,4774273.0,4377528.0,339729.0,80.2,73.54,5.71
2021-10-06,4778070.0,4381128.0,355263.0,80.26,73.6,5.97
2021-10-07,4781759.0,4384533.0,369789.0,80.33,73.65,6.21
2021-10-08,4785678.0,4389180.0,390502.0,80.39,73.73,6.56
2021-10-09,4789496.0,4393333.0,409517.0,80.46,73.8,6.88
2021-10-10,4793686.0,4398304.0,435629.0,80.53,73.88,7.32
2021-10-11,4798556.0,4401598.0,461829.0,80.61,73.94,7.76
2021-10-12,4802618.0,4405032.0,484192.0,80.68,74.0,8.13
2021-10-13,4806352.0,4408158.0,503180.0,80.74,74.05,8.45
2021-10-14,4809760.0,4411107.0,520535.0,80.8,74.1,8.74
2021-10-15,4813779.0,4414843.0,549153.0,80.86,74.16,9.22
2021-10-16,4817256.0,4418268.0,571688.0,80.92,74.22,9.6
2021-10-17,4819104.0,4420154.0,582856.0,80.95,74.25,9.79
2021-10-18,4822162.0,4423659.0,598803.0,81.0,74.31,10.06
2021-10-19,4824812.0,4426364.0,616292.0,81.05,74.36,10.35
2021-10-20,4826797.0,4429028.0,630767.0,81.08,74.4,10.6
2021-10-21,4829373.0,4432318.0,647966.0,81.13,74.46,10.88
2021-10-22,4831810.0,4435578.0,673587.0,81.17,74.51,11.32
2021-10-23,4834454.0,4440627.0,691909.0,81.21,74.6,11.62
2021-10-24,4835893.0,4442391.0,701522.0,81.24,74.62,11.78
2021-10-25,4838447.0,4445689.0,716462.0,81.28,74.68,12.04
2021-10-26,4841053.0,4449112.0,736311.0,81.32,74.74,12.37
2021-10-27,4843367.0,4452368.0,751110.0,81.36,74.79,12.62
2021-10-28,4845895.0,4455843.0,768947.0,81.4,74.85,12.92
2021-10-29,4848210.0,4459629.0,800262.0,81.44,74.91,13.44
2021-10-30,4850766.0,4465433.0,824268.0,81.48,75.01,13.85
2021-10-31,4852340.0,4468384.0,838913.0,81.51,75.06,14.09
2021-11-01,4854663.0,4472469.0,856780.0,81.55,75.13,14.39
2021-11-02,4856801.0,4476033.0,878791.0,81.59,75.19,14.76
2021-11-03,4858799.0,4479225.0,894322.0,81.62,75.24,15.02
2021-11-04,4859744.0,4480602.0,894845.0,81.64,75.27,15.03
2021-11-05,4862327.0,4485830.0,924170.0,81.68,75.35,15.52
2021-11-06,4864524.0,4490584.0,947306.0,81.72,75.43,15.91
2021-11-07,4865864.0,4492896.0,961440.0,81.74,75.47,16.15
2021-11-08,4867930.0,4497112.0,978981.0,81.77,75.54,16.45
2021-11-09,4870554.0,4500849.0,1002194.0,81.82,75.61,16.84
2021-11-10,4872948.0,4504626.0,1022429.0,81.86,75.67,17.18
2021-11-11,4875467.0,4508448.0,1042120.0,81.9,75.73,17.51
2021-11-12,4877919.0,4512723.0,1070358.0,81.94,75.81,17.98
2021-11-13,4880035.0,4516257.0,1095387.0,81.98,75.87,18.4
2021-11-14,4881776.0,4520017.0,1112042.0,82.01,75.93,18.68
2021-11-15,4883882.0,4523565.0,1130514.0,82.04,75.99,18.99
2021-11-16,4885964.0,4527294.0,1151431.0,82.08,76.05,19.34
2021-11-17,4887807.0,4530624.0,1167762.0,82.11,76.11,19.62
2021-11-18,4889615.0,4534357.0,1184774.0,82.14,76.17,19.9
2021-11-19,4891338.0,4537830.0,1210590.0,82.17,76.23,20.34
2021-11-20,4893185.0,4541061.0,1234272.0,82.2,76.28,20.73
2021-11-21,4894752.0,4544166.0,1251046.0,82.22,76.33,21.02
2021-11-22,4896623.0,4547432.0,1268890.0,82.26,76.39,21.32
2021-11-23,4898415.0,4550765.0,1285227.0,82.29,76.45,21.59
2021-11-24,4900187.0,4553907.0,1298988.0,82.32,76.5,21.82
2021-11-25,4902179.0,4557489.0,1313019.0,82.35,76.56,22.06
2021-11-26,4903880.0,4561113.0,1338475.0,82.38,76.62,22.48
2021-11-27,4905415.0,4563947.0,1361292.0,82.4,76.67,22.87
2021-11-28,4906719.0,4566876.0,1375035.0,82.42,76.72,23.1
2021-11-29,4908452.0,4570092.0,1390095.0,82.45,76.77,23.35
2021-11-30,4910385.0,4573678.0,1411520.0,82.49,76.83,23.71
2021-12-01,4912116.0,4577002.0,1425989.0,82.52,76.89,23.95
2021-12-02,4913676.0,4580676.0,1439425.0,82.54,76.95,24.18
2021-12-03,4915123.0,4585063.0,1461897.0,82.57,77.02,24.56
2021-12-04,4916605.0,4589871.0,1482629.0,82.59,77.1,24.91
2021-12-05,4917587.0,4592239.0,1496799.0,82.61,77.14,25.14
2021-12-06,4918930.0,4596804.0,1512462.0,82.63,77.22,25.41
2021-12-07,4920284.0,4601063.0,1531492.0,82.65,77.29,25.73
2021-12-08,4921568.0,4605285.0,1546721.0,82.67,77.36,25.98
2021-12-09,4922874.0,4609468.0,1560755.0,82.7,77.43,26.22
2021-12-10,4923712.0,4613693.0,1583870.0,82.71,77.5,26.61
2021-12-11,4924893.0,4618305.0,1605095.0,82.73,77.58,26.96
2021-12-12,4925718.0,4620603.0,1619015.0,82.74,77.62,27.2
2021-12-13,4926833.0,4624838.0,1635676.0,82.76,77.69,27.48
2021-12-14,4927879.0,4628922.0,1660802.0,82.78,77.76,27.9
2021-12-15,4928909.0,4633125.0,1680432.0,82.8,77.83,28.23
2021-12-16,4929755.0,4637336.0,1702002.0,82.81,77.9,28.59
2021-12-17,4930593.0,4641666.0,1728049.0,82.83,77.97,29.03
2021-12-18,4931614.0,4645740.0,1752543.0,82.84,78.04,29.44
2021-12-19,4932207.0,4647977.0,1771793.0,82.85,78.08,29.76
2021-12-20,4933293.0,4652302.0,1800185.0,82.87,78.15,30.24
2021-12-21,4934242.0,4656344.0,1829653.0,82.89,78.22,30.74
2021-12-22,4935225.0,4660471.0,1861383.0,82.9,78.29,31.27
2021-12-23,4936134.0,4664439.0,1896061.0,82.92,78.35,31.85
2021-12-24,4936584.0,4667218.0,1918322.0,82.93,78.4,32.22
2021-12-25,4936758.0,4668123.0,1918826.0,82.93,78.42,32.23
2021-12-26,4937579.0,4671580.0,1960074.0,82.94,78.47,32.93
2021-12-27,4941797.0,4676251.0,1999766.0,83.01,78.55,33.59
2021-12-28,4946144.0,4680939.0,2043743.0,83.09,78.63,34.33
2021-12-29,4952166.0,4685266.0,2085497.0,83.19,78.7,35.03
2021-12-30,4958534.0,4689630.0,2127213.0,83.3,78.78,35.73
2021-12-31,4962187.0,4692310.0,2150573.0,83.36,78.82,36.13
2022-01-01,4962462.0,4692952.0,2151260.0,83.36,78.83,36.14
2022-01-02,4969697.0,4695574.0,2190625.0,83.48,78.88,36.8
2022-01-03,4979694.0,4698632.0,2227758.0,83.65,78.93,37.42
2022-01-04,4984385.0,4701418.0,2263981.0,83.73,78.98,38.03
2022-01-05,4986580.0,4704044.0,2298214.0,83.77,79.02,38.61
2022-01-06,4992922.0,4706580.0,2337823.0,83.87,79.06,39.27
2022-01-07,5001855.0,4709374.0,2387509.0,84.02,79.11,40.11
2022-01-08,5012701.0,4712325.0,2434748.0,84.21,79.16,40.9
2022-01-09,5022269.0,4713658.0,2474560.0,84.37,79.18,41.57
2022-01-10,5027623.0,4716245.0,2515314.0,84.46,79.23,42.25
2022-01-11,5031274.0,4718711.0,2550553.0,84.52,79.27,42.85
2022-01-12,5036033.0,4721178.0,2584167.0,84.6,79.31,43.41
2022-01-13,5043342.0,4723709.0,2618525.0,84.72,79.35,43.99
2022-01-14,5052774.0,4726348.0,2662851.0,84.88,79.39,44.73
2022-01-15,5064037.0,4728273.0,2704272.0,85.07,79.43,45.43
2022-01-16,5072765.0,4729746.0,2734771.0,85.21,79.45,45.94
2022-01-17,5077016.0,4733115.0,2766441.0,85.29,79.51,46.47
2022-01-18,5080300.0,4736283.0,2792048.0,85.34,79.56,46.9
2022-01-19,5084135.0,4739890.0,2816854.0,85.41,79.62,47.32
2022-01-20,5089525.0,4743892.0,2842253.0,85.5,79.69,47.75
2022-01-21,5096735.0,4749084.0,2875188.0,85.62,79.78,48.3
2022-01-22,5104756.0,4754835.0,2905090.0,85.75,79.87,48.8
2022-01-23,5111567.0,4759471.0,2925360.0,85.87,79.95,49.14
2022-01-24,5115053.0,4765174.0,2953192.0,85.92,80.05,49.61
2022-01-25,5119194.0,4770295.0,2977790.0,85.99,80.13,50.02
2022-01-26,5123658.0,4774934.0,2999087.0,86.07,80.21,50.38
2022-01-27,5128610.0,4781606.0,3021052.0,86.15,80.32,50.75
2022-01-28,5132213.0,4790624.0,3049808.0,86.21,80.47,51.23
2022-01-29,5136154.0,4799801.0,3073427.0,86.28,80.63,51.63
2022-01-30,5138226.0,4808716.0,3088619.0,86.31,80.78,51.88
2022-01-31,5141379.0,4812740.0,3098983.0,86.37,80.85,52.06
2022-02-01,5141640.0,4813265.0,3099607.0,86.37,80.86,52.07
2022-02-02,5142052.0,4813998.0,3100404.0,86.38,80.87,52.08
2022-02-03,5148011.0,4821053.0,3121628.0,86.48,80.99,52.44
2022-02-04,5151094.0,4829587.0,3148858.0,86.53,81.13,52.9
2022-02-05,5153338.0,4840226.0,3172689.0,86.57,81.31,53.3
2022-02-06,5155751.0,4848302.0,3190646.0,86.61,81.44,53.6
2022-02-07,5158528.0,4854783.0,3214389.0,86.65,81.55,54.0
2022-02-08,5161079.0,4860654.0,3237834.0,86.7,81.65,54.39
2022-02-09,5163629.0,4866876.0,3262422.0,86.74,81.76,54.8
2022-02-10,5166854.0,4874952.0,3289112.0,86.79,81.89,55.25
2022-02-11,5168593.0,4885499.0,3322237.0,86.82,82.07,55.81
2022-02-12,5170135.0,4897120.0,3353021.0,86.85,82.26,56.33
2022-02-13,5171781.0,4905795.0,3378462.0,86.88,82.41,56.75
2022-02-14,5174580.0,4910882.0,3402160.0,86.92,82.49,57.15
2022-02-15,5176614.0,4915245.0,3418816.0,86.96,82.57,57.43
2022-02-16,5178882.0,4919877.0,3435333.0,87.0,82.65,57.71
2022-02-17,5181828.0,4925504.0,3451994.0,87.05,82.74,57.99
2022-02-18,5183884.0,4934100.0,3475810.0,87.08,82.88,58.39
2022-02-19,5185939.0,4943491.0,3498186.0,87.12,83.04,58.76
2022-02-20,5188376.0,4949554.0,3513311.0,87.16,83.14,59.02
2022-02-21,5190347.0,4952907.0,3526995.0,87.19,83.2,59.25
2022-02-22,5192024.0,4955732.0,3538204.0,87.22,83.25,59.44
2022-02-23,5193767.0,4958334.0,3549697.0,87.25,83.29,59.63
2022-02-24,5196152.0,4963076.0,3561939.0,87.29,83.37,59.83
2022-02-25,5197996.0,4970234.0,3580129.0,87.32,83.49,60.14
2022-02-26,5200727.0,4978335.0,3597780.0,87.36,83.63,60.44
2022-02-27,5202791.0,4983408.0,3608425.0,87.4,83.71,60.62
2022-02-28,5203915.0,4986903.0,3620277.0,87.42,83.77,60.81
2022-03-01,5204808.0,4989691.0,3629596.0,87.43,83.82,60.97
2022-03-02,5205484.0,4992255.0,3637913.0,87.44,83.86,61.11
2022-03-03,5206401.0,4995350.0,3647120.0,87.46,83.91,61.27
2022-03-04,5207555.0,4999222.0,3660182.0,87.48,83.98,61.49
2022-03-05,5209195.0,5003262.0,3673485.0,87.51,84.05,61.71
2022-03-06,5209881.0,5005391.0,3681347.0,87.52,84.08,61.84
2022-03-07,5210606.0,5008030.0,3689932.0,87.53,84.13,61.98
2022-03-08,5211154.0,5010347.0,3696939.0,87.54,84.17,62.1
2022-03-09,5211710.0,5012551.0,3704201.0,87.55,84.2,62.22
2022-03-10,5212649.0,5015320.0,3711929.0,87.56,84.25,62.35
2022-03-11,5213543.0,5019072.0,3723911.0,87.58,84.31,62.56
2022-03-12,5214987.0,5023112.0,3736110.0,87.6,84.38,62.76
2022-03-13,5216062.0,5025777.0,3744864.0,87.62,84.42,62.91
2022-03-14,5217271.0,5028917.0,3753785.0,87.64,84.48,63.06
2022-03-15,5218184.0,5031487.0,3761679.0,87.66,84.52,63.19
2022-03-16,5219076.0,5034028.0,3769646.0,87.67,84.56,63.32
2022-03-17,5219992.0,5036930.0,3777492.0,87.69,84.61,63.46
2022-03-18,5220818.0,5040820.0,3787061.0,87.7,84.68,63.62
2022-03-19,5221512.0,5044831.0,3795577.0,87.71,84.74,63.76
2022-03-20,5222063.0,5047656.0,3801504.0,87.72,84.79,63.86
2022-03-21,5222917.0,5049929.0,3807670.0,87.74,84.83,63.96
2022-03-22,5223620.0,5051739.0,3812951.0,87.75,84.86,64.05
2022-03-23,5224123.0,5053630.0,3818346.0,87.76,84.89,64.14
2022-03-24,5224627.0,5055491.0,3824403.0,87.77,84.92,64.24
2022-03-25,5225284.0,5058201.0,3833448.0,87.78,84.97,64.4
2022-03-26,5226055.0,5061302.0,3842499.0,87.79,85.02,64.55
2022-03-27,5226500.0,5063138.0,3849308.0,87.8,85.05,64.66
2022-03-28,5226987.0,5064992.0,3856505.0,87.8,85.08,64.78
2022-03-29,5227365.0,5066610.0,3862681.0,87.81,85.11,64.89
2022-03-30,5227763.0,5068262.0,3869297.0,87.82,85.14,65.0
2022-03-31,5228166.0,5070142.0,3876090.0,87.82,85.17,65.11
2022-04-01,5228695.0,5071934.0,3883899.0,87.83,85.2,65.24
2022-04-02,5229243.0,5074125.0,3891959.0,87.84,85.24,65.38
2022-04-03,5229577.0,5075379.0,3897635.0,87.85,85.26,65.47
2022-04-04,5229962.0,5076883.0,3903531.0,87.85,85.28,65.57
2022-04-05,5230381.0,5078165.0,3908555.0,87.86,85.3,65.66
2022-04-06,5230770.0,5079487.0,3913519.0,87.87,85.33,65.74
2022-04-07,5231262.0,5081062.0,3918857.0,87.88,85.35,65.83
2022-04-08,5231826.0,5082985.0,3926469.0,87.89,85.39,65.96
2022-04-09,5232778.0,5085346.0,3934133.0,87.9,85.43,66.09
2022-04-10,5233213.0,5086745.0,3939801.0,87.91,85.45,66.18
2022-04-11,5233580.0,5087994.0,3945489.0,87.92,85.47,66.28
2022-04-12,5233922.0,5089332.0,3950851.0,87.92,85.49,66.37
2022-04-13,5234279.0,5090832.0,3956331.0,87.93,85.52,66.46
2022-04-14,5234524.0,5091903.0,3961826.0,87.93,85.54,66.55
2022-04-15,5234607.0,5092347.0,3962605.0,87.93,85.54,66.57
2022-04-16,5235312.0,5094325.0,3971340.0,87.94,85.58,66.71
2022-04-17,5235620.0,5095457.0,3976346.0,87.95,85.6,66.8
2022-04-18,5235958.0,5096722.0,3981719.0,87.96,85.62,66.89
2022-04-19,5236222.0,5097834.0,3986325.0,87.96,85.64,66.96
2022-04-20,5236584.0,5098979.0,3990912.0,87.97,85.65,67.04
2022-04-21,5236927.0,5100158.0,3995662.0,87.97,85.67,67.12
2022-04-22,5237512.0,5101756.0,4002112.0,87.98,85.7,67.23
2022-04-23,5238113.0,5103364.0,4008893.0,87.99,85.73,67.34
2022-04-24,5238464.0,5104372.0,4014250.0,88.0,85.75,67.43
2022-04-25,5238791.0,5105511.0,4019583.0,88.0,85.76,67.52
2022-04-26,5239063.0,5106501.0,4024099.0,88.01,85.78,67.6
2022-04-27,5239342.0,5107417.0,4028319.0,88.01,85.8,67.67
2022-04-28,5239694.0,5108444.0,4032796.0,88.02,85.81,67.74
2022-04-29,5240202.0,5109950.0,4040211.0,88.03,85.84,67.87
2022-04-30,5240772.0,5111694.0,4049520.0,88.04,85.87,68.03
2022-05-01,5240865.0,5111904.0,4050252.0,88.04,85.87,68.04
2022-05-02,5241150.0,5112531.0,4056514.0,88.04,85.88,68.14
2022-05-03,5241239.0,5112809.0,4056921.0,88.04,85.89,68.15
2022-05-04,5241472.0,5113545.0,4063343.0,88.05,85.9,68.26
2022-05-05,5241683.0,5114250.0,4068482.0,88.05,85.91,68.34
2022-05-06,5241981.0,5114997.0,4074635.0,88.06,85.92,68.45
2022-05-07,5242317.0,5115964.0,4080770.0,88.06,85.94,68.55
2022-05-08,5242637.0,5116985.0,4085073.0,88.07,85.96,68.62
2022-05-09,5242873.0,5117680.0,4090873.0,88.07,85.97,68.72
2022-05-10,5243163.0,5118418.0,4095757.0,88.08,85.98,68.8
2022-05-11,5243417.0,5119195.0,4100301.0,88.08,85.99,68.88
2022-05-12,5243699.0,5119971.0,4105226.0,88.09,86.01,68.96
2022-05-13,5244104.0,5121000.0,4112804.0,88.09,86.02,69.09
2022-05-14,5244443.0,5121883.0,4119746.0,88.1,86.04,69.21
2022-05-15,5244529.0,5122098.0,4120507.0,88.1,86.04,69.22
2022-05-16,5244944.0,5123038.0,4127302.0,88.11,86.06,69.33
2022-05-17,5245197.0,5123874.0,4133961.0,88.11,86.07,69.44
2022-05-18,5245499.0,5124767.0,4139497.0,88.12,86.09,69.54
2022-05-19,5245794.0,5125542.0,4144312.0,88.12,86.1,69.62
2022-05-20,5246159.0,5126493.0,4150690.0,88.13,86.12,69.72
2022-05-21,5246598.0,5127643.0,4158356.0,88.13,86.14,69.85
2022-05-22,5246888.0,5128296.0,4163379.0,88.14,86.15,69.94
2022-05-23,5247159.0,5129034.0,4168234.0,88.14,86.16,70.02
2022-05-24,5247467.0,5129750.0,4173283.0,88.15,86.17,70.1
2022-05-25,5247764.0,5130578.0,4177732.0,88.15,86.19,70.18
2022-05-26,5248095.0,5131338.0,4182234.0,88.16,86.2,70.25
2022-05-27,5248498.0,5132280.0,4188828.0,88.17,86.21,70.37
2022-05-28,5248975.0,5133293.0,4196169.0,88.17,86.23,70.49
2022-05-29,5249311.0,5134029.0,4201667.0,88.18,86.24,70.58
2022-05-30,5249722.0,5134938.0,4207933.0,88.19,86.26,70.69
2022-05-31,5250025.0,5135721.0,4214251.0,88.19,86.27,70.79
2022-06-01,5250359.0,5136434.0,4217649.0,88.2,86.28,70.85
2022-06-02,5250649.0,5137099.0,4220962.0,88.2,86.29,70.91
2022-06-03,5250938.0,5137828.0,4224970.0,88.21,86.31,70.97
2022-06-04,5251317.0,5138780.0,4229547.0,88.21,86.32,71.05
2022-06-05,5251597.0,5139428.0,4232644.0,88.22,86.33,71.1
2022-06-06,5251976.0,5140304.0,4236472.0,88.22,86.35,71.17
2022-06-07,5252244.0,5141100.0,4239609.0,88.23,86.36,71.22
2022-06-08,5252585.0,5141897.0,4242727.0,88.23,86.38,71.27
2022-06-09,5252885.0,5142643.0,4245602.0,88.24,86.39,71.32
2022-06-10,5253125.0,5143402.0,4249372.0,88.24,86.4,71.38
2022-06-11,5253360.0,5144161.0,4253330.0,88.25,86.41,71.45
2022-06-12,5253686.0,5145146.0,4256113.0,88.25,86.43,71.5
2022-06-13,5253999.0,5145990.0,4259258.0,88.26,86.44,71.55
2022-06-14,5254254.0,5146688.0,4262174.0,88.26,86.46,71.6
2022-06-15,5254580.0,5147535.0,4264773.0,88.27,86.47,71.64
2022-06-16,5254884.0,5148303.0,4267348.0,88.27,86.48,71.68
2022-06-17,5255166.0,5149096.0,4270423.0,88.28,86.5,71.74
2022-06-18,5255426.0,5149880.0,4273492.0,88.28,86.51,71.79
2022-06-19,5255610.0,5150492.0,4275527.0,88.29,86.52,71.82
2022-06-20,5255952.0,5151519.0,4278443.0,88.29,86.54,71.87
2022-06-21,5256228.0,5152340.0,4281414.0,88.3,86.55,71.92
2022-06-22,5256588.0,5153252.0,4284367.0,88.3,86.57,71.97
2022-06-23,5256962.0,5154143.0,4287174.0,88.31,86.58,72.02
2022-06-24,5257250.0,5154996.0,4290695.0,88.31,86.6,72.08
2022-06-25,5257541.0,5155966.0,4294233.0,88.32,86.61,72.14
2022-06-26,5257721.0,5156527.0,4296147.0,88.32,86.62,72.17
2022-06-27,5257945.0,5157250.0,4298979.0,88.32,86.63,72.22
2022-06-28,5258156.0,5157922.0,4301562.0,88.33,86.64,72.26
2022-06-29,5258505.0,5158792.0,4304432.0,88.33,86.66,72.31
2022-06-30,5258815.0,5159769.0,4307882.0,88.34,86.68,72.37
2022-07-01,5259037.0,5160353.0,4310369.0,88.34,86.69,72.41
2022-07-02,5259276.0,5160918.0,4312852.0,88.35,86.7,72.45
2022-07-03,5259404.0,5161277.0,4313811.0,88.35,86.7,72.47
2022-07-04,5259652.0,5161952.0,4316398.0,88.35,86.71,72.51
2022-07-05,5259840.0,5162529.0,4318542.0,88.36,86.72,72.54
2022-07-06,5260104.0,5163116.0,4320738.0,88.36,86.73,72.58
2022-07-07,5260359.0,5163719.0,4322980.0,88.37,86.74,72.62
2022-07-08,5260653.0,5164395.0,4326045.0,88.37,86.75,72.67
2022-07-09,5260856.0,5164899.0,4328815.0,88.37,86.76,72.72
2022-07-10,5260999.0,5165353.0,4329566.0,88.38,86.77,72.73
2022-07-11,5261085.0,5165675.0,4330218.0,88.38,86.77,72.74
2022-07-12,5261270.0,5166222.0,4332708.0,88.38,86.78,72.78
2022-07-13,5261490.0,5166869.0,4334970.0,88.38,86.79,72.82
2022-07-14,5261768.0,5167551.0,4337241.0,88.39,86.81,72.86
2022-07-15,5262018.0,5168267.0,4340226.0,88.39,86.82,72.91
2022-07-16,5262209.0,5168876.0,4343245.0,88.4,86.83,72.96
2022-07-17,5262342.0,5169206.0,4344437.0,88.4,86.83,72.98
2022-07-18,5262573.0,5169871.0,4347162.0,88.4,86.85,73.03
2022-07-19,5262873.0,5170718.0,4349630.0,88.41,86.86,73.07
2022-07-20,5263166.0,5171531.0,4351788.0,88.41,86.87,73.1
2022-07-21,5263456.0,5172292.0,4353975.0,88.42,86.89,73.14
2022-07-22,5263730.0,5172970.0,4356666.0,88.42,86.9,73.18
2022-07-23,5263967.0,5173596.0,4359280.0,88.43,86.91,73.23
2022-07-24,5264130.0,5174019.0,4360868.0,88.43,86.92,73.26
2022-07-25,5264421.0,5174745.0,4363333.0,88.43,86.93,73.3
2022-07-26,5264645.0,5175362.0,4365534.0,88.44,86.94,73.33
2022-07-27,5264924.0,5175994.0,4367651.0,88.44,86.95,73.37
2022-07-28,5265199.0,5176591.0,4369720.0,88.45,86.96,73.4
2022-07-29,5265407.0,5177204.0,4372225.0,88.45,86.97,73.45
2022-07-30,5265610.0,5177709.0,4374546.0,88.45,86.98,73.49
2022-07-31,5265710.0,5177950.0,4375384.0,88.46,86.98,73.5
2022-08-01,5265974.0,5178501.0,4377669.0,88.46,86.99,73.54
2022-08-02,5266199.0,5179026.0,4379637.0,88.46,87.0,73.57
2022-08-03,5266479.0,5179528.0,4381356.0,88.47,87.01,73.6
2022-08-04,5266737.0,5180059.0,4383209.0,88.47,87.02,73.63
2022-08-05,5266990.0,5180724.0,4385739.0,88.48,87.03,73.67
2022-08-06,5267204.0,5181256.0,4388102.0,88.48,87.04,73.71
2022-08-07,5267375.0,5181620.0,4389517.0,88.48,87.04,73.74
2022-08-08,5267635.0,5182184.0,4391810.0,88.49,87.05,73.78
2022-08-09,5267738.0,5182472.0,4392367.0,88.49,87.06,73.78
2022-08-10,5268023.0,5183114.0,4394618.0,88.49,87.07,73.82
2022-08-11,5268243.0,5183644.0,4396435.0,88.5,87.08,73.85
2022-08-12,5268453.0,5184148.0,4398603.0,88.5,87.09,73.89
2022-08-13,5268626.0,5184598.0,4400585.0,88.5,87.09,73.92
2022-08-14,5268714.0,5184852.0,4401216.0,88.51,87.1,73.93
2022-08-15,5268906.0,5185341.0,4403167.0,88.51,87.11,73.97
2022-08-16,5269097.0,5185868.0,4404969.0,88.51,87.11,74.0
2022-08-17,5269268.0,5186249.0,4406594.0,88.52,87.12,74.02
2022-08-18,5269407.0,5186677.0,4408256.0,88.52,87.13,74.05
2022-08-19,5269559.0,5187158.0,4410502.0,88.52,87.14,74.09
2022-08-20,5269749.0,5187646.0,4413372.0,88.52,87.14,74.14
2022-08-21,5269870.0,5187967.0,4414865.0,88.53,87.15,74.16
2022-08-22,5270059.0,5188455.0,4417092.0,88.53,87.16,74.2
2022-08-23,5270235.0,5188928.0,4419003.0,88.53,87.17,74.23
2022-08-24,5270410.0,5189383.0,4420659.0,88.53,87.17,74.26
2022-08-25,5270563.0,5189918.0,4422415.0,88.54,87.18,74.29
2022-08-26,5270738.0,5190436.0,4424667.0,88.54,87.19,74.33
2022-08-27,5270863.0,5190991.0,4427402.0,88.54,87.2,74.37
2022-08-28,5270949.0,5191295.0,4428321.0,88.54,87.21,74.39
2022-08-29,5271098.0,5191783.0,4430419.0,88.55,87.21,74.42
2022-08-30,5271208.0,5192226.0,4432005.0,88.55,87.22,74.45
2022-08-31,5271350.0,5192662.0,4433578.0,88.55,87.23,74.48
2022-09-01,5271586.0,5193176.0,4435438.0,88.55,87.24,74.51
2022-09-02,5271832.0,5193794.0,4437784.0,88.56,87.25,74.55
2022-09-03,5271979.0,5194238.0,4439912.0,88.56,87.25,74.58
2022-09-04,5272103.0,5194617.0,4441317.0,88.56,87.26,74.61
2022-09-05,5272317.0,5195171.0,4443382.0,88.57,87.27,74.64
2022-09-06,5272516.0,5195722.0,4445114.0,88.57,87.28,74.67
2022-09-07,5272740.0,5196233.0,4446716.0,88.57,87.29,74.7
2022-09-08,5272926.0,5196713.0,4448371.0,88.58,87.3,74.73
2022-09-09,5273090.0,5197206.0,4450225.0,88.58,87.3,74.76
2022-09-10,5273222.0,5197627.0,4451964.0,88.58,87.31,74.79
2022-09-11,5273305.0,5197923.0,4453034.0,88.58,87.32,74.8
2022-09-12,5273431.0,5198399.0,4454685.0,88.59,87.32,74.83
2022-09-13,5273545.0,5198792.0,4456044.0,88.59,87.33,74.85
2022-09-14,5273685.0,5199188.0,4457205.0,88.59,87.34,74.87
2022-09-15,5273851.0,5199658.0,4458406.0,88.59,87.35,74.89
2022-09-16,5274029.0,5200150.0,4459967.0,88.6,87.35,74.92
2022-09-17,5274197.0,5200534.0,4461520.0,88.6,87.36,74.95
2022-09-18,5274295.0,5200806.0,4462419.0,88.6,87.37,74.96
2022-09-19,5274448.0,5201244.0,4463928.0,88.6,87.37,74.99
2022-09-20,5274580.0,5201713.0,4465147.0,88.6,87.38,75.01
2022-09-21,5274722.0,5202123.0,4466259.0,88.61,87.39,75.03
2022-09-22,5274839.0,5202529.0,4467410.0,88.61,87.39,75.05
2022-09-23,5274985.0,5202930.0,4468915.0,88.61,87.4,75.07
2022-09-24,5275113.0,5203282.0,4470636.0,88.61,87.41,75.1
2022-09-25,5275275.0,5203741.0,4472101.0,88.62,87.41,75.12
2022-09-26,5275416.0,5204131.0,4473476.0,88.62,87.42,75.15
2022-09-27,5275581.0,5204537.0,4474733.0,88.62,87.43,75.17
2022-09-28,5275729.0,5204910.0,4475918.0,88.62,87.43,75.19
2022-09-29,5275872.0,5205256.0,4477111.0,88.63,87.44,75.21
2022-09-30,5276036.0,5205789.0,4478549.0,88.63,87.45,75.23
2022-10-01,5276156.0,5206190.0,4479924.0,88.63,87.46,75.26
2022-10-02,5276239.0,5206377.0,4480409.0,88.63,87.46,75.26
2022-10-03,5276392.0,5206774.0,4481717.0,88.63,87.47,75.29
2022-10-04,5276495.0,5207101.0,4482835.0,88.64,87.47,75.3
2022-10-05,5276596.0,5207429.0,4484030.0,88.64,87.48,75.32
2022-10-06,5276760.0,5207812.0,4485255.0,88.64,87.48,75.34
2022-10-07,5276971.0,5208269.0,4486835.0,88.64,87.49,75.37
2022-10-08,5277105.0,5208593.0,4488365.0,88.65,87.5,75.4
2022-10-09,5277176.0,5208767.0,4488844.0,88.65,87.5,75.41
2022-10-10,5277309.0,5209201.0,4490359.0,88.65,87.51,75.43
2022-10-11,5277428.0,5209563.0,4491754.0,88.65,87.51,75.45
2022-10-12,5277597.0,5209990.0,4493119.0,88.66,87.52,75.48
2022-10-13,5277736.0,5210358.0,4494386.0,88.66,87.53,75.5
2022-10-14,5277905.0,5210734.0,4495941.0,88.66,87.53,75.52
2022-10-15,5278038.0,5211136.0,4497462.0,88.66,87.54,75.55
2022-10-16,5278104.0,5211325.0,4497958.0,88.66,87.54,75.56
2022-10-17,5278270.0,5211771.0,4499611.0,88.67,87.55,75.59
2022-10-18,5278394.0,5212198.0,4501039.0,88.67,87.56,75.61
2022-10-19,5278570.0,5212640.0,4502513.0,88.67,87.56,75.63
2022-10-20,5278733.0,5213062.0,4504031.0,88.67,87.57,75.66
2022-10-21,5278907.0,5213472.0,4506290.0,88.68,87.58,75.7
2022-10-22,5279040.0,5213798.0,4508777.0,88.68,87.58,75.74
2022-10-23,5279099.0,5213958.0,4509657.0,88.68,87.59,75.75
2022-10-24,5279137.0,5214104.0,4510231.0,88.68,87.59,75.76
2022-10-25,5279858.0,5214575.0,4513382.0,88.69,87.6,75.82
2022-10-26,5280275.0,5215068.0,4515815.0,88.7,87.6,75.86
2022-10-27,5280676.0,5215453.0,4518078.0,88.71,87.61,75.9
2022-10-28,5281325.0,5216011.0,4521514.0,88.72,87.62,75.95
2022-10-29,5282153.0,5216561.0,4525618.0,88.73,87.63,76.02
2022-10-30,5282525.0,5216829.0,4526265.0,88.74,87.63,76.03
2022-10-31,5282842.0,5217262.0,4529254.0,88.74,87.64,76.08
2022-11-01,5283219.0,5217744.0,4531803.0,88.75,87.65,76.13
2022-11-02,5283563.0,5218318.0,4534419.0,88.76,87.66,76.17
2022-11-03,5283922.0,5218861.0,4537251.0,88.76,87.67,76.22
2022-11-04,5284887.0,5219524.0,4540971.0,88.78,87.68,76.28
2022-11-05,5285295.0,5219927.0,4544034.0,88.78,87.69,76.33
2022-11-06,5285602.0,5220146.0,4544599.0,88.79,87.69,76.34
2022-11-07,5285911.0,5220659.0,4548055.0,88.79,87.7,76.4
2022-11-08,5286276.0,5221104.0,4550771.0,88.8,87.71,76.45
2022-11-09,5286646.0,5221604.0,4553680.0,88.81,87.71,76.49
2022-11-10,5287017.0,5222025.0,4556443.0,88.81,87.72,76.54
2022-11-11,5287866.0,5222648.0,4560108.0,88.83,87.73,76.6
2022-11-12,5288420.0,5223066.0,4562537.0,88.84,87.74,76.64
2022-11-13,5288634.0,5223201.0,4563074.0,88.84,87.74,76.65
2022-11-14,5288849.0,5223659.0,4565821.0,88.84,87.75,76.7
2022-11-15,5289172.0,5224125.0,4568237.0,88.85,87.76,76.74
2022-11-16,5289450.0,5224503.0,4570318.0,88.85,87.76,76.77
2022-11-17,5289780.0,5224900.0,4573133.0,88.86,87.77,76.82
2022-11-18,5290382.0,5225454.0,4576384.0,88.87,87.78,76.88
2022-11-19,5290960.0,5225983.0,4578881.0,88.88,87.79,76.92
2022-11-20,5291109.0,5226173.0,4579572.0,88.88,87.79,76.93
2022-11-21,5291288.0,5226562.0,4582960.0,88.89,87.8,76.99
2022-11-22,5291713.0,5227005.0,4586018.0,88.89,87.81,77.04
2022-11-23,5292024.0,5227396.0,4588572.0,88.9,87.81,77.08
2022-11-24,5292333.0,5227783.0,4590981.0,88.9,87.82,77.12
2022-11-25,5292975.0,5228340.0,4593826.0,88.91,87.83,77.17
2022-11-26,5293705.0,5228876.0,4596671.0,88.93,87.84,77.22
2022-11-27,5293911.0,5229032.0,4597125.0,88.93,87.84,77.22
2022-11-28,5294130.0,5229438.0,4600100.0,88.93,87.85,77.27
2022-11-29,5294351.0,5229755.0,4602248.0,88.94,87.85,77.31
2022-11-30,5294676.0,5230150.0,4604505.0,88.94,87.86,77.35
2022-12-01,5294937.0,5230488.0,4606570.0,88.95,87.86,77.38
2022-12-02,5295390.0,5230945.0,4608735.0,88.95,87.87,77.42
2022-12-03,5295962.0,5231445.0,4611370.0,88.96,87.88,77.46
2022-12-04,5296140.0,5231577.0,4611845.0,88.97,87.88,77.47
2022-12-05,5296337.0,5231939.0,4614340.0,88.97,87.89,77.51
2022-12-06,5296514.0,5232237.0,4616145.0,88.97,87.89,77.54
2022-12-07,5296698.0,5232545.0,4617853.0,88.98,87.9,77.57
2022-12-08,5296942.0,5232888.0,4619494.0,88.98,87.9,77.6
2022-12-09,5297352.0,5233290.0,4621224.0,88.99,87.91,77.63
2022-12-10,5297861.0,5233695.0,4623576.0,89.0,87.92,77.67
2022-12-11,5297986.0,5233826.0,4624051.0,89.0,87.92,77.68
2022-12-12,5298150.0,5234191.0,4626307.0,89.0,87.93,77.71
2022-12-13,5298344.0,5234593.0,4628144.0,89.0,87.93,77.75
2022-12-14,5298538.0,5234918.0,4629823.0,89.01,87.94,77.77
2022-12-15,5298734.0,5235310.0,4631601.0,89.01,87.94,77.8
2022-12-16,5299026.0,5235805.0,4633683.0,89.02,87.95,77.84
2022-12-17,5299410.0,5236386.0,4636094.0,89.02,87.96,77.88
2022-12-18,5299440.0,5236667.0,4636564.0,89.02,87.97,77.89
2022-12-19,5299700.0,5236986.0,4638979.0,89.03,87.97,77.93
2022-12-20,5299875.0,5237389.0,4640856.0,89.03,87.98,77.96
2022-12-21,5300055.0,5237757.0,4642553.0,89.03,87.99,77.99
2022-12-22,5300221.0,5238115.0,4644307.0,89.04,87.99,78.02
2022-12-23,5300563.0,5238647.0,4646433.0,89.04,88.0,78.05
2022-12-24,5300732.0,5239035.0,4647992.0,89.04,88.01,78.08
2022-12-25,5300903.0,5239268.0,4648298.0,89.05,88.01,78.08
2022-12-26,5300928.0,5239357.0,4648652.0,89.05,88.01,78.09
2022-12-27,5301128.0,5239756.0,4651356.0,89.05,88.02,78.14
2022-12-28,5301376.0,5240182.0,4653627.0,89.05,88.03,78.17
2022-12-29,5301594.0,5240613.0,4655854.0,89.06,88.03,78.21
2022-12-30,5302019.0,5241325.0,4658104.0,89.07,88.05,78.25
2022-12-31,5302225.0,5241724.0,4659690.0,89.07,88.05,78.28
2023-01-01,5302332.0,5241866.0,4659943.0,89.07,88.05,78.28
2023-01-02,5302353.0,5241937.0,4660225.0,89.07,88.06,78.28
2023-01-03,5302442.0,5242178.0,4661484.0,89.07,88.06,78.31
2023-01-04,5302595.0,5242481.0,4662565.0,89.07,88.07,78.32
2023-01-05,5302769.0,5242818.0,4663619.0,89.08,88.07,78.34
2023-01-06,5303103.0,5243366.0,4665206.0,89.08,88.08,78.37
2023-01-07,5303623.0,5244116.0,4667489.0,89.09,88.09,78.41
2023-01-08,5303739.0,5244280.0,4667888.0,89.09,88.1,78.41
2023-01-09,5303832.0,5244535.0,4669309.0,89.1,88.1,78.44
2023-01-10,5303971.0,5244824.0,4670434.0,89.1,88.1,78.46
2023-01-11,5304098.0,5245099.0,4671379.0,89.1,88.11,78.47
2023-01-12,5304224.0,5245383.0,4672362.0,89.1,88.11,78.49
2023-01-13,5304443.0,5245853.0,4673745.0,89.11,88.12,78.51
2023-01-14,5304804.0,5246567.0,4675594.0,89.11,88.13,78.54
2023-01-15,5304924.0,5246650.0,4675980.0,89.11,88.14,78.55
2023-01-16,5305021.0,5246993.0,4677131.0,89.12,88.14,78.57
2023-01-17,5305143.0,5247259.0,4677978.0,89.12,88.15,78.58
2023-01-18,5305243.0,5247497.0,4678783.0,89.12,88.15,78.6
2023-01-19,5305324.0,5247698.0,4679636.0,89.12,88.15,78.61
2023-01-20,5305521.0,5248082.0,4681037.0,89.12,88.16,78.63
2023-01-21,5305689.0,5248378.0,4682050.0,89.13,88.16,78.65
2023-01-22,5305704.0,5248489.0,4682268.0,89.13,88.17,78.65
2023-01-23,5305717.0,5248543.0,4682494.0,89.13,88.17,78.66
2023-01-24,5305725.0,5248694.0,4682723.0,89.13,88.17,78.66
2023-01-25,5305845.0,5248857.0,4683627.0,89.13,88.17,78.68
2023-01-26,5305928.0,5249047.0,4684357.0,89.13,88.18,78.69
2023-01-27,5306065.0,5249389.0,4685237.0,89.13,88.18,78.7
2023-01-28,5306319.0,5250009.0,4686343.0,89.14,88.19,78.72
2023-01-29,5306423.0,5250141.0,4686636.0,89.14,88.19,78.73
2023-01-30,5306450.0,5250360.0,4687485.0,89.14,88.2,78.74
2023-01-31,5306522.0,5250629.0,4688293.0,89.14,88.2,78.76
2023-02-01,5306588.0,5250809.0,4688884.0,89.14,88.21,78.77
2023-02-02,5306647.0,5251022.0,4689656.0,89.14,88.21,78.78
2023-02-03,5306788.0,5251345.0,4690514.0,89.15,88.21,78.79
2023-02-04,5307014.0,5251816.0,4691668.0,89.15,88.22,78.81
2023-02-05,5307061.0,5251922.0,4691984.0,89.15,88.22,78.82
2023-02-06,5307099.0,5252090.0,4692800.0,89.15,88.23,78.83
2023-02-07,5307169.0,5252260.0,4693497.0,89.15,88.23,78.84
2023-02-08,5307243.0,5252435.0,4694235.0,89.15,88.23,78.86
2023-02-09,5307316.0,5252639.0,4694968.0,89.15,88.24,78.87
2023-02-10,5307479.0,5252960.0,4696007.0,89.16,88.24,78.89
2023-02-11,5307744.0,5253438.0,4697219.0,89.16,88.25,78.91
2023-02-12,5307783.0,5253494.0,4697501.0,89.16,88.25,78.91
2023-02-13,5307833.0,5253661.0,4698301.0,89.16,88.25,78.92
2023-02-14,5307884.0,5253821.0,4698960.0,89.16,88.26,78.93
2023-02-15,5307935.0,5254005.0,4699571.0,89.16,88.26,78.95
2023-02-16,5307989.0,5254180.0,4700223.0,89.17,88.26,78.96
2023-02-17,5308104.0,5254474.0,4701045.0,89.17,88.27,78.97
2023-02-18,5308293.0,5254916.0,4701950.0,89.17,88.27,78.99
2023-02-19,5308321.0,5255020.0,4702230.0,89.17,88.28,78.99
2023-02-20,5308354.0,5255176.0,4702863.0,89.17,88.28,79.0
2023-02-21,5308393.0,5255356.0,4703400.0,89.17,88.28,79.01
2023-02-22,5308452.0,5255526.0,4703961.0,89.17,88.28,79.02
2023-02-23,5308500.0,5255703.0,4704842.0,89.17,88.29,79.03
2023-02-24,5308614.0,5255968.0,4705707.0,89.18,88.29,79.05
2023-02-25,5308768.0,5256426.0,4706543.0,89.18,88.3,79.06
2023-02-26,5308797.0,5256526.0,4706912.0,89.18,88.3,79.07
2023-02-27,5308843.0,5256652.0,4707717.0,89.18,88.3,79.08
2023-02-28,5308879.0,5256829.0,4708399.0,89.18,88.31,79.09
2023-03-01,5308928.0,5256967.0,4708927.0,89.18,88.31,79.1
2023-03-02,5308982.0,5257134.0,4709529.0,89.18,88.31,79.11
2023-03-03,5309077.0,5257378.0,4710339.0,89.18,88.32,79.13
2023-03-04,5309169.0,5257642.0,4710987.0,89.19,88.32,79.14
2023-03-05,5309198.0,5257744.0,4711316.0,89.19,88.32,79.14
2023-03-06,5309221.0,5257875.0,4711930.0,89.19,88.32,79.15
2023-03-07,5309267.0,5258028.0,4712559.0,89.19,88.33,79.16
2023-03-08,5309304.0,5258182.0,4713248.0,89.19,88.33,79.17
2023-03-09,5309352.0,5258344.0,4713919.0,89.19,88.33,79.19
2023-03-10,5309472.0,5258595.0,4714855.0,89.19,88.34,79.2
2023-03-11,5309600.0,5258787.0,4715669.0,89.19,88.34,79.22
2023-03-12,5309635.0,5258860.0,4715938.0,89.19,88.34,79.22
2023-03-13,5309682.0,5259023.0,4716859.0,89.19,88.34,79.24
2023-03-14,5309740.0,5259188.0,4717559.0,89.2,88.35,79.25
2023-03-15,5309779.0,5259342.0,4718236.0,89.2,88.35,79.26
2023-03-16,5309835.0,5259473.0,4718791.0,89.2,88.35,79.27
2023-03-17,5309939.0,5259664.0,4719508.0,89.2,88.35,79.28
2023-03-18,5310030.0,5259868.0,4720021.0,89.2,88.36,79.29
2023-03-19,5310065.0,5259920.0,4720234.0,89.2,88.36,79.29
2023-03-20,5310084.0,5260083.0,4720899.0,89.2,88.36,79.3
2023-03-21,5310116.0,5260229.0,4721392.0,89.2,88.36,79.31
2023-03-22,5310149.0,5260370.0,4721884.0,89.2,88.37,79.32
2023-03-23,5310189.0,5260525.0,4722395.0,89.2,88.37,79.33
2023-03-24,5310246.0,5260758.0,4723103.0,89.2,88.37,79.34
2023-03-25,5310338.0,5261024.0,4723700.0,89.21,88.38,79.35
2023-03-26,5310362.0,5261069.0,4723969.0,89.21,88.38,79.35
2023-03-27,5310378.0,5261246.0,4724608.0,89.21,88.38,79.37
2023-03-28,5310414.0,5261422.0,4725281.0,89.21,88.38,79.38
2023-03-29,5310449.0,5261587.0,4725908.0,89.21,88.39,79.39
2023-03-30,5310481.0,5261778.0,4726544.0,89.21,88.39,79.4
2023-03-31,5310565.0,5262001.0,4727214.0,89.21,88.39,79.41
2023-04-01,5310645.0,5262221.0,4727803.0,89.21,88.4,79.42
2023-04-02,5310679.0,5262281.0,4727989.0,89.21,88.4,79.42
2023-04-03,5310686.0,5262439.0,4728562.0,89.21,88.4,79.43
2023-04-04,5310718.0,5262601.0,4729040.0,89.21,88.4,79.44
2023-04-05,5310758.0,5262736.0,4729568.0,89.21,88.41,79.45
2023-04-06,5310796.0,5262888.0,4730117.0,89.21,88.41,79.46
2023-04-07,5310863.0,5263017.0,4730426.0,89.21,88.41,79.46
2023-04-08,5310918.0,5263204.0,4731056.0,89.21,88.41,79.47
2023-04-09,5310954.0,5263287.0,4731324.0,89.22,88.41,79.48
2023-04-10,5310972.0,5263410.0,4731990.0,89.22,88.42,79.49
2023-04-11,5311014.0,5263555.0,4732610.0,89.22,88.42,79.5
2023-04-12,5311041.0,5263693.0,4733173.0,89.22,88.42,79.51
2023-04-13,5311072.0,5263805.0,4733667.0,89.22,88.42,79.52
2023-04-14,5311150.0,5263990.0,4734191.0,89.22,88.43,79.53
2023-04-15,5311224.0,5264162.0,4734647.0,89.22,88.43,79.53
2023-04-16,5311260.0,5264206.0,4734824.0,89.22,88.43,79.54
2023-04-17,5311277.0,5264330.0,4735307.0,89.22,88.43,79.55
2023-04-18,5311319.0,5264462.0,4735762.0,89.22,88.43,79.55
2023-04-19,5311352.0,5264584.0,4736285.0,89.22,88.44,79.56
2023-04-20,5311386.0,5264710.0,4736821.0,89.22,88.44,79.57
2023-04-21,5311448.0,5264896.0,4737371.0,89.22,88.44,79.58
2023-04-22,5311457.0,5264971.0,4737618.0,89.22,88.44,79.58
2023-04-23,5311486.0,5265038.0,4737921.0,89.22,88.44,79.59
2023-04-24,5311517.0,5265273.0,4738876.0,89.22,88.45,79.61
2023-04-25,5311563.0,5265486.0,4739567.0,89.23,88.45,79.62
2023-04-26,5311608.0,5265669.0,4740276.0,89.23,88.45,79.63
2023-04-27,5311653.0,5265871.0,4741022.0,89.23,88.46,79.64
2023-04-28,5311759.0,5266127.0,4741900.0,89.23,88.46,79.66
2023-04-29,5311868.0,5266350.0,4742602.0,89.23,88.47,79.67
2023-04-30,5311890.0,5266427.0,4742876.0,89.23,88.47,79.67
2023-05-01,5311907.0,5266502.0,4743055.0,89.23,88.47,79.68
2023-05-02,5311923.0,5266648.0,4743747.0,89.23,88.47,79.69
2023-05-03,5311971.0,5266795.0,4744342.0,89.23,88.47,79.7
2023-05-04,5312010.0,5266926.0,4744979.0,89.23,88.48,79.71
2023-05-05,5312062.0,5267166.0,4745920.0,89.23,88.48,79.72
2023-05-06,5312152.0,5267357.0,4746592.0,89.24,88.48,79.74
2023-05-07,5312175.0,5267425.0,4746877.0,89.24,88.48,79.74
2023-05-08,5312201.0,5267626.0,4747715.0,89.24,88.49,79.75
2023-05-09,5312245.0,5267810.0,4748431.0,89.24,88.49,79.77
2023-05-10,5312298.0,5268004.0,4749197.0,89.24,88.49,79.78
2023-05-11,5312337.0,5268130.0,4749911.0,89.24,88.5,79.79
2023-05-12,5312391.0,5268331.0,4750626.0,89.24,88.5,79.8
2023-05-13,5312459.0,5268493.0,4751174.0,89.24,88.5,79.81
2023-05-14,5312497.0,5268542.0,4751439.0,89.24,88.5,79.82
2023-05-15,5312508.0,5268678.0,4752071.0,89.24,88.51,79.83
2023-05-16,5312548.0,5268826.0,4752597.0,89.24,88.51,79.84
2023-05-17,5312567.0,5268948.0,4753125.0,89.24,88.51,79.84
2023-05-18,5312599.0,5269065.0,4753654.0,89.24,88.51,79.85
2023-05-19,5312644.0,5269196.0,4754298.0,89.24,88.51,79.86
2023-05-20,5312700.0,5269323.0,4754828.0,89.24,88.52,79.87
2023-05-21,5312720.0,5269385.0,4755022.0,89.25,88.52,79.88
2023-05-22,5312742.0,5269503.0,4755717.0,89.25,88.52,79.89
2023-05-23,5312761.0,5269635.0,4756357.0,89.25,88.52,79.9
2023-05-24,5312791.0,5269756.0,4756987.0,89.25,88.52,79.91
2023-05-25,5312825.0,5269857.0,4757714.0,89.25,88.53,79.92
2023-05-26,5312891.0,5270027.0,4758471.0,89.25,88.53,79.93
2023-05-27,5312932.0,5270176.0,4759030.0,89.25,88.53,79.94
2023-05-28,5312949.0,5270217.0,4759261.0,89.25,88.53,79.95
2023-05-29,5312965.0,5270331.0,4760044.0,89.25,88.53,79.96
2023-05-30,5312999.0,5270469.0,4760736.0,89.25,88.54,79.97
2023-05-31,5313025.0,5270597.0,4761444.0,89.25,88.54,79.98
2023-06-01,5313056.0,5270704.0,4762058.0,89.25,88.54,79.99
2023-06-02,5313083.0,5270768.0,4762285.0,89.25,88.54,80.0
2023-06-03,5313116.0,5270874.0,4762879.0,89.25,88.54,80.01
2023-06-04,5313148.0,5270917.0,4763069.0,89.25,88.54,80.01
2023-06-05,5313160.0,5271064.0,4764010.0,89.25,88.55,80.03
2023-06-06,5313192.0,5271246.0,4764812.0,89.25,88.55,80.04
2023-06-07,5313208.0,5271353.0,4765388.0,89.25,88.55,80.05
2023-06-08,5313234.0,5271467.0,4765958.0,89.25,88.55,80.06
2023-06-09,5313280.0,5271602.0,4766584.0,89.25,88.55,80.07
2023-06-10,5313326.0,5271728.0,4767070.0,89.26,88.56,80.08
2023-06-11,5313342.0,5271780.0,4767216.0,89.26,88.56,80.08
2023-06-12,5313363.0,5271897.0,4767884.0,89.26,88.56,80.09
2023-06-13,5313380.0,5271997.0,4768506.0,89.26,88.56,80.1
2023-06-14,5313404.0,5272083.0,4769047.0,89.26,88.56,80.11
2023-06-15,5313422.0,5272171.0,4769594.0,89.26,88.56,80.12
2023-06-16,5313447.0,5272265.0,4770194.0,89.26,88.57,80.13
2023-06-17,5313465.0,5272354.0,4770628.0,89.26,88.57,80.14
2023-06-18,5313476.0,5272389.0,4770801.0,89.26,88.57,80.14
2023-06-19,5313484.0,5272480.0,4771401.0,89.26,88.57,80.15
2023-06-20,5313502.0,5272565.0,4771910.0,89.26,88.57,80.16
2023-06-21,5313519.0,5272635.0,4772377.0,89.26,88.57,80.17
2023-06-22,5313539.0,5272698.0,4772816.0,89.26,88.57,80.18
2023-06-23,5313558.0,5272781.0,4773297.0,89.26,88.57,80.18
2023-06-24,5313576.0,5272854.0,4773620.0,89.26,88.58,80.19
2023-06-25,5313587.0,5272874.0,4773689.0,89.26,88.58,80.19
2023-06-26,5313588.0,5272926.0,4773990.0,89.26,88.58,80.2
2023-06-27,5313595.0,5272977.0,4774282.0,89.26,88.58,80.2
2023-06-28,5313612.0,5273017.0,4774429.0,89.26,88.58,80.2
2023-06-29,5313619.0,5273062.0,4774530.0,89.26,88.58,80.2
2023-06-30,5313620.0,5273080.0,4774648.0,89.26,88.58,80.21
2023-07-01,5313651.0,5273134.0,4774821.0,89.26,88.58,80.21
2023-07-02,5313664.0,5273169.0,4774854.0,89.26,88.58,80.21
2023-07-03,5313664.0,5273176.0,4775034.0,89.26,88.58,80.21
2023-07-04,5313669.0,5273203.0,4775195.0,89.26,88.58,80.22
2023-07-05,5313678.0,5273233.0,4775351.0,89.26,88.58,80.22
2023-07-06,5313682.0,5273265.0,4775484.0,89.26,88.58,80.22
2023-07-07,5313691.0,5273296.0,4775634.0,89.26,88.58,80.22
2023-07-08,5313702.0,5273339.0,4775754.0,89.26,88.58,80.22
2023-07-09,5313706.0,5273350.0,4775784.0,89.26,88.58,80.23
2023-07-10,5313709.0,5273363.0,4775961.0,89.26,88.58,80.23
2023-07-11,5313720.0,5273441.0,4776335.0,89.26,88.59,80.23
2023-07-12,5313729.0,5273543.0,4776837.0,89.26,88.59,80.24
2023-07-13,5313740.0,5273658.0,4777324.0,89.26,88.59,80.25
2023-07-14,5313754.0,5273773.0,4777843.0,89.26,88.59,80.26
2023-07-15,5313782.0,5273868.0,4778154.0,89.26,88.59,80.27
2023-07-16,5313788.0,5273886.0,4778203.0,89.26,88.59,80.27
2023-07-17,5313788.0,5273953.0,4778558.0,89.26,88.59,80.27
2023-07-18,5313793.0,5274030.0,4778930.0,89.26,88.6,80.28
2023-07-19,5313810.0,5274129.0,4779440.0,89.26,88.6,80.29
2023-07-20,5313824.0,5274198.0,4779827.0,89.26,88.6,80.29
2023-07-21,5313840.0,5274278.0,4780257.0,89.26,88.6,80.3
2023-07-22,5313856.0,5274345.0,4780538.0,89.26,88.6,80.31
2023-07-23,5313864.0,5274364.0,4780580.0,89.26,88.6,80.31
2023-07-24,5313866.0,5274444.0,4780923.0,89.26,88.6,80.31
2023-07-25,5313876.0,5274494.0,4781152.0,89.26,88.6,80.32
2023-07-26,5313880.0,5274540.0,4781399.0,89.26,88.6,80.32
2023-07-27,5313891.0,5274586.0,4781592.0,89.26,88.6,80.32
2023-07-28,5313899.0,5274656.0,4781829.0,89.26,88.61,80.33
2023-07-29,5313912.0,5274711.0,4782012.0,89.27,88.61,80.33
2023-07-30,5313919.0,5274735.0,4782037.0,89.27,88.61,80.33
2023-07-31,5313920.0,5274748.0,4782253.0,89.27,88.61,80.33
2023-08-01,5313927.0,5274786.0,4782450.0,89.27,88.61,80.34
2023-08-02,5313932.0,5274818.0,4782625.0,89.27,88.61,80.34
2023-08-03,5313940.0,5274843.0,4782799.0,89.27,88.61,80.34
2023-08-04,5313948.0,5274868.0,4783037.0,89.27,88.61,80.35
2023-08-05,5313959.0,5274914.0,4783175.0,89.27,88.61,80.35
2023-08-06,5313963.0,5274933.0,4783203.0,89.27,88.61,80.35
2023-08-07,5313965.0,5274942.0,4783354.0,89.27,88.61,80.35
2023-08-08,5313977.0,5274967.0,4783477.0,89.27,88.61,80.35
2023-08-09,5313981.0,5274993.0,4783507.0,89.27,88.61,80.36
2023-08-10,5313982.0,5275001.0,4783682.0,89.27,88.61,80.36
2023-08-11,5313991.0,5275040.0,4783864.0,89.27,88.61,80.36
2023-08-12,5313997.0,5275082.0,4783973.0,89.27,88.61,80.36
2023-08-13,5314008.0,5275097.0,4784025.0,89.27,88.61,80.36
2023-08-14,5314008.0,5275125.0,4784149.0,89.27,88.61,80.37
2023-08-15,5314015.0,5275159.0,4784321.0,89.27,88.61,80.37
2023-08-16,5314016.0,5275178.0,4784489.0,89.27,88.61,80.37
2023-08-17,5314029.0,5275204.0,4784656.0,89.27,88.61,80.37
2023-08-18,5314037.0,5275237.0,4784824.0,89.27,88.62,80.38
2023-08-19,5314059.0,5275271.0,4785024.0,89.27,88.62,80.38
2023-08-20,5314065.0,5275285.0,4785116.0,89.27,88.62,80.38
2023-08-21,5314068.0,5275315.0,4785289.0,89.27,88.62,80.39
2023-08-22,5314070.0,5275334.0,4785485.0,89.27,88.62,80.39
2023-08-23,5314074.0,5275356.0,4785655.0,89.27,88.62,80.39
2023-08-24,5314080.0,5275378.0,4785820.0,89.27,88.62,80.39
2023-08-25,5314093.0,5275408.0,4786000.0,89.27,88.62,80.4
2023-08-26,5314110.0,5275440.0,4786192.0,89.27,88.62,80.4
2023-08-27,5314113.0,5275454.0,4786261.0,89.27,88.62,80.4
2023-08-28,5314113.0,5275472.0,4786405.0,89.27,88.62,80.4
2023-08-29,5314119.0,5275492.0,4786547.0,89.27,88.62,80.41
2023-08-30,5314125.0,5275505.0,4786700.0,89.27,88.62,80.41
2023-08-31,5314131.0,5275523.0,4786813.0,89.27,88.62,80.41
2023-09-01,5314146.0,5275558.0,4786856.0,89.27,88.62,80.41
2023-09-02,5314146.0,5275572.0,4786979.0,89.27,88.62,80.41
2023-09-03,5314150.0,5275587.0,4787037.0,89.27,88.62,80.41
2023-09-04,5314155.0,5275601.0,4787182.0,89.27,88.62,80.42
2023-09-05,5314162.0,5275617.0,4787382.0,89.27,88.62,80.42
2023-09-06,5314168.0,5275641.0,4787519.0,89.27,88.62,80.42
2023-09-07,5314178.0,5275667.0,4787709.0,89.27,88.62,80.43
2023-09-08,5314189.0,5275693.0,4787885.0,89.27,88.62,80.43
2023-09-09,5314203.0,5275729.0,4788063.0,89.27,88.62,80.43
2023-09-10,5314206.0,5275750.0,4788112.0,89.27,88.62,80.43
2023-09-11,5314208.0,5275756.0,4788285.0,89.27,88.62,80.44
2023-09-12,5314210.0,5275780.0,4788455.0,89.27,88.62,80.44
2023-09-13,5314216.0,5275792.0,4788605.0,89.27,88.62,80.44
2023-09-14,5314223.0,5275827.0,4788749.0,89.27,88.63,80.44
2023-09-15,5314231.0,5275844.0,4788929.0,89.27,88.63,80.45
2023-09-16,5314239.0,5275863.0,4789055.0,89.27,88.63,80.45
2023-09-17,5314247.0,5275888.0,4789077.0,89.27,88.63,80.45
2023-09-18,5314247.0,5275891.0,4789257.0,89.27,88.63,80.45
2023-09-19,5314254.0,5275919.0,4789425.0,89.27,88.63,80.45
2023-09-20,5314267.0,5275935.0,4789590.0,89.27,88.63,80.46
2023-09-21,5314269.0,5275966.0,4789699.0,89.27,88.63,80.46
2023-09-22,5314279.0,5275999.0,4789833.0,89.27,88.63,80.46
2023-09-23,5314286.0,5276027.0,4789952.0,89.27,88.63,80.46
2023-09-24,5314290.0,5276043.0,4789978.0,89.27,88.63,80.46
2023-09-25,5314292.0,5276049.0,4790141.0,89.27,88.63,80.47
2023-09-26,5314295.0,5276070.0,4790293.0,89.27,88.63,80.47
2023-09-27,5314298.0,5276093.0,4790441.0,89.27,88.63,80.47
2023-09-28,5314305.0,5276114.0,4790579.0,89.27,88.63,80.47
2023-09-29,5314311.0,5276136.0,4790704.0,89.27,88.63,80.48
2023-09-30,5314319.0,5276159.0,4790810.0,89.27,88.63,80.48
2023-10-01,5314324.0,5276171.0,4790838.0,89.27,88.63,80.48
2023-10-02,5314324.0,5276176.0,4790984.0,89.27,88.63,80.48
2023-10-03,5314329.0,5276193.0,4791101.0,89.27,88.63,80.48
2023-10-04,5314332.0,5276205.0,4791232.0,89.27,88.63,80.48
2023-10-05,5314339.0,5276237.0,4791343.0,89.27,88.63,80.49
2023-10-06,5314347.0,5276252.0,4791500.0,89.27,88.63,80.49
2023-10-07,5314364.0,5276281.0,4791608.0,89.27,88.63,80.49
2023-10-08,5314377.0,5276312.0,4791643.0,89.27,88.63,80.49
2023-10-09,5314383.0,5276314.0,4791796.0,89.27,88.63,80.49
2023-10-10,5314389.0,5276341.0,4791937.0,89.27,88.63,80.5
2023-10-11,5314400.0,5276360.0,4792117.0,89.27,88.63,80.5
2023-10-12,5314410.0,5276379.0,4792286.0,89.27,88.63,80.5
2023-10-13,5314417.0,5276409.0,4792463.0,89.27,88.64,80.51
2023-10-14,5314439.0,5276434.0,4792590.0,89.27,88.64,80.51
2023-10-15,5314447.0,5276447.0,4792642.0,89.27,88.64,80.51
2023-10-16,5314453.0,5276455.0,4792784.0,89.27,88.64,80.51
2023-10-17,5314457.0,5276476.0,4792944.0,89.27,88.64,80.51
2023-10-18,5314461.0,5276500.0,4793075.0,89.27,88.64,80.52
2023-10-19,5314467.0,5276513.0,4793209.0,89.27,88.64,80.52
2023-10-20,5314482.0,5276535.0,4793379.0,89.27,88.64,80.52
2023-10-21,5314503.0,5276570.0,4793493.0,89.28,88.64,80.52
2023-10-22,5314510.0,5276587.0,4793544.0,89.28,88.64,80.52
2023-10-23,5314510.0,5276596.0,4793665.0,89.28,88.64,80.53
2023-10-24,5314515.0,5276614.0,4793799.0,89.28,88.64,80.53
2023-10-25,5314521.0,5276628.0,4793944.0,89.28,88.64,80.53
2023-10-26,5314527.0,5276646.0,4794066.0,89.28,88.64,80.53
2023-10-27,5314534.0,5276655.0,4794212.0,89.28,88.64,80.53
2023-10-28,5314543.0,5276671.0,4794298.0,89.28,88.64,80.54
2023-10-29,5314549.0,5276683.0,4794347.0,89.28,88.64,80.54
2023-10-30,5314549.0,5276690.0,4794464.0,89.28,88.64,80.54
2023-10-31,5314561.0,5276703.0,4794605.0,89.28,88.64,80.54
2023-11-01,5314568.0,5276725.0,4794743.0,89.28,88.64,80.54
2023-11-02,5314573.0,5276745.0,4794915.0,89.28,88.64,80.55
2023-11-03,5314585.0,5276764.0,4795067.0,89.28,88.64,80.55
2023-11-04,5314602.0,5276786.0,4795238.0,89.28,88.64,80.55
2023-11-05,5314612.0,5276799.0,4795272.0,89.28,88.64,80.55
2023-11-06,5314612.0,5276806.0,4795427.0,89.28,88.64,80.56
2023-11-07,5314618.0,5276834.0,4795610.0,89.28,88.64,80.56
2023-11-08,5314629.0,5276851.0,4795757.0,89.28,88.64,80.56
2023-11-09,5314635.0,5276872.0,4795916.0,89.28,88.64,80.56
2023-11-10,5314644.0,5276889.0,4796098.0,89.28,88.64,80.57
2023-11-11,5314648.0,5276913.0,4796260.0,89.28,88.64,80.57
2023-11-12,5314653.0,5276923.0,4796278.0,89.28,88.64,80.57
2023-11-13,5314653.0,5276923.0,4796323.0,89.28,88.64,80.57
2023-11-14,5314655.0,5276933.0,4796476.0,89.28,88.64,80.57
2023-11-15,5314664.0,5276952.0,4796642.0,89.28,88.64,80.58
2023-11-16,5314676.0,5276969.0,4796797.0,89.28,88.64,80.58
2023-11-17,5314693.0,5277000.0,4796950.0,89.28,88.65,80.58
2023-11-18,5314706.0,5277023.0,4797134.0,89.28,88.65,80.58
2023-11-19,5314718.0,5277041.0,4797171.0,89.28,88.65,80.58
2023-11-20,5314719.0,5277050.0,4797356.0,89.28,88.65,80.59
2023-11-21,5314726.0,5277072.0,4797513.0,89.28,88.65,80.59
2023-11-22,5314732.0,5277087.0,4797697.0,89.28,88.65,80.59
2023-11-23,5314744.0,5277102.0,4797862.0,89.28,88.65,80.6
2023-11-24,5314760.0,5277122.0,4798042.0,89.28,88.65,80.6
2023-11-25,5314778.0,5277163.0,4798242.0,89.28,88.65,80.6
2023-11-26,5314783.0,5277182.0,4798286.0,89.28,88.65,80.6
2023-11-27,5314799.0,5277209.0,4798472.0,89.28,88.65,80.61
2023-11-28,5314815.0,5277239.0,4798623.0,89.28,88.65,80.61
2023-11-29,5314833.0,5277265.0,4798791.0,89.28,88.65,80.61
2023-11-30,5314850.0,5277292.0,4798951.0,89.28,88.65,80.61
2023-12-01,5314872.0,5277317.0,4799115.0,89.28,88.65,80.62
2023-12-02,5314912.0,5277369.0,4799301.0,89.28,88.65,80.62
2023-12-03,5314938.0,5277384.0,4799328.0,89.28,88.65,80.62
2023-12-04,5314938.0,5277398.0,4799468.0,89.28,88.65,80.62
2023-12-05,5314959.0,5277422.0,4799642.0,89.28,88.65,80.63
2023-12-06,5314983.0,5277451.0,4799796.0,89.28,88.65,80.63
2023-12-07,5315001.0,5277478.0,4799966.0,89.28,88.65,80.63
2023-12-08,5315041.0,5277514.0,4800162.0,89.28,88.65,80.63
2023-12-09,5315086.0,5277550.0,4800323.0,89.28,88.65,80.64
2023-12-10,5315100.0,5277580.0,4800387.0,89.29,88.65,80.64
2023-12-11,5315117.0,5277590.0,4800562.0,89.29,88.65,80.64
2023-12-12,5315135.0,5277618.0,4800775.0,89.29,88.66,80.65
2023-12-13,5315158.0,5277653.0,4800967.0,89.29,88.66,80.65
2023-12-14,5315187.0,5277684.0,4801205.0,89.29,88.66,80.65
2023-12-15,5315238.0,5277733.0,4801401.0,89.29,88.66,80.66
2023-12-16,5315283.0,5277775.0,4801563.0,89.29,88.66,80.66
2023-12-17,5315331.0,5277822.0,4801593.0,89.29,88.66,80.66
2023-12-18,5315331.0,5277829.0,4801838.0,89.29,88.66,80.66
2023-12-19,5315359.0,5277870.0,4802086.0,89.29,88.66,80.67
2023-12-20,5315385.0,5277916.0,4802316.0,89.29,88.66,80.67
2023-12-21,5315420.0,5277950.0,4802553.0,89.29,88.66,80.68
2023-12-22,5315481.0,5277999.0,4802791.0,89.29,88.66,80.68
2023-12-23,5315539.0,5278059.0,4803015.0,89.29,88.66,80.68
2023-12-24,5315577.0,5278094.0,4803049.0,89.29,88.66,80.68
2023-12-25,5315577.0,5278110.0,4803081.0,89.29,88.66,80.68
2023-12-26,5315599.0,5278113.0,4803316.0,89.29,88.66,80.69
2023-12-27,5315623.0,5278152.0,4803529.0,89.29,88.66,80.69
2023-12-28,5315651.0,5278182.0,4803776.0,89.29,88.66,80.7
2023-12-29,5315699.0,5278224.0,4804029.0,89.3,88.67,80.7
2023-12-30,5315738.0,5278251.0,4804179.0,89.3,88.67,80.7
2023-12-31,5315746.0,5278290.0,4804225.0,89.3,88.67,80.7
2024-01-01,5315766.0,5278292.0,4804301.0,89.3,88.67,80.7
2024-01-02,5315767.0,5278292.0,4804438.0,89.3,88.67,80.71
2024-01-03,5315782.0,5278319.0,4804649.0,89.3,88.67,80.71
2024-01-04,5315795.0,5278344.0,4804827.0,89.3,88.67,80.71
2024-01-05,5315840.0,5278374.0,4805046.0,89.3,88.67,80.72
2024-01-06,5315867.0,5278407.0,4805196.0,89.3,88.67,80.72
2024-01-07,5315880.0,5278418.0,4805237.0,89.3,88.67,80.72
2024-01-08,5315887.0,5278433.0,4805472.0,89.3,88.67,80.72
2024-01-09,5315901.0,5278464.0,4805653.0,89.3,88.67,80.73
2024-01-10,5315915.0,5278489.0,4805853.0,89.3,88.67,80.73
2024-01-11,5315926.0,5278522.0,4806026.0,89.3,88.67,80.73
2024-01-12,5315948.0,5278555.0,4806286.0,89.3,88.67,80.74
2024-01-13,5315975.0,5278588.0,4806465.0,89.3,88.67,80.74
2024-01-14,5315985.0,5278613.0,4806508.0,89.3,88.67,80.74
2024-01-15,5315992.0,5278628.0,4806697.0,89.3,88.67,80.74
2024-01-16,5316002.0,5278654.0,4806888.0,89.3,88.67,80.75
2024-01-17,5316012.0,5278670.0,4807077.0,89.3,88.67,80.75
2024-01-18,5316018.0,5278689.0,4807272.0,89.3,88.67,80.75
2024-01-19,5316032.0,5278719.0,4807440.0,89.3,88.67,80.76
2024-01-20,5316058.0,5278755.0,4807593.0,89.3,88.67,80.76
2024-01-21,5316074.0,5278776.0,4807646.0,89.3,88.67,80.76
2024-01-22,5316075.0,5278788.0,4807778.0,89.3,88.68,80.76
2024-01-23,5316089.0,5278810.0,4807953.0,89.3,88.68,80.77
2024-01-24,5316099.0,5278831.0,4808105.0,89.3,88.68,80.77
2024-01-25,5316115.0,5278846.0,4808230.0,89.3,88.68,80.77
2024-01-26,5316121.0,5278870.0,4808376.0,89.3,88.68,80.77
2024-01-27,5316140.0,5278895.0,4808502.0,89.3,88.68,80.78
2024-01-28,5316149.0,5278904.0,4808530.0,89.3,88.68,80.78
2024-01-29,5316151.0,5278915.0,4808665.0,89.3,88.68,80.78
2024-01-30,5316157.0,5278930.0,4808793.0,89.3,88.68,80.78
2024-01-31,5316164.0,5278950.0,4808917.0,89.3,88.68,80.78
2024-02-01,5316171.0,5278963.0,4809028.0,89.3,88.68,80.78
2024-02-02,5316178.0,5278983.0,4809161.0,89.3,88.68,80.79
2024-02-03,5316189.0,5279002.0,4809252.0,89.3,88.68,80.79
2024-02-04,5316191.0,5279014.0,4809274.0,89.3,88.68,80.79
2024-02-05,5316191.0,5279014.0,4809401.0,89.3,88.68,80.79
2024-02-06,5316197.0,5279026.0,4809554.0,89.3,88.68,80.79
2024-02-07,5316204.0,5279041.0,4809704.0,89.3,88.68,80.8
2024-02-08,5316210.0,5279055.0,4809815.0,89.3,88.68,80.8
2024-02-09,5316219.0,5279066.0,4809870.0,89.3,88.68,80.8
2024-02-10,5316223.0,5279077.0,4809896.0,89.3,88.68,80.8
2024-02-11,5316225.0,5279087.0,4809900.0,89.3,88.68,80.8
2024-02-12,5316225.0,5279092.0,4809902.0,89.3,88.68,80.8
2024-02-13,5316225.0,5279092.0,4809988.0,89.3,88.68,80.8
2024-02-14,5316231.0,5279107.0,4810107.0,89.3,88.68,80.8
2024-02-15,5316234.0,5279118.0,4810207.0,89.3,88.68,80.8
2024-02-16,5316235.0,5279131.0,4810321.0,89.3,88.68,80.81
2024-02-17,5316241.0,5279150.0,4810404.0,89.3,88.68,80.81
2024-02-18,5316243.0,5279156.0,4810453.0,89.3,88.68,80.81
2024-02-19,5316243.0,5279172.0,4810552.0,89.3,88.68,80.81
2024-02-20,5316245.0,5279194.0,4810698.0,89.3,88.68,80.81
2024-02-21,5316246.0,5279208.0,4810845.0,89.3,88.68,80.81
2024-02-22,5316256.0,5279229.0,4810969.0,89.3,88.68,80.82
2024-02-23,5316265.0,5279243.0,4811110.0,89.3,88.68,80.82
2024-02-24,5316270.0,5279261.0,4811210.0,89.3,88.68,80.82
2024-02-25,5316271.0,5279267.0,4811242.0,89.3,88.68,80.82
2024-02-26,5316272.0,5279278.0,4811381.0,89.3,88.68,80.82
2024-02-27,5316275.0,5279290.0,4811520.0,89.3,88.68,80.83
